{"cameraMode":{"drawMode":0,"name":"Shaded","section":"Shading Mode"},"sceneLighting":true,"audioPlay":false,"sceneViewState":{"m_AlwaysRefresh":false,"showFog":true,"showSkybox":true,"showFlares":true,"showImageEffects":true,"showParticleSystems":true,"showVisualEffectGraphs":true,"m_FxEnabled":true},"in2DMode":false,"pivot":{"x":5.013605117797852,"y":-18.11152458190918,"z":40.06282424926758},"rotation":{"x":0.25196221470832827,"y":0.04467169940471649,"z":-0.011648207902908326,"w":0.9665815830230713},"size":34.13153076171875,"orthographic":false}