{"cameraMode":{"drawMode":0,"name":"Shaded","section":"Shading Mode"},"sceneLighting":true,"audioPlay":false,"sceneViewState":{"m_AlwaysRefresh":false,"showFog":true,"showSkybox":true,"showFlares":true,"showImageEffects":true,"showParticleSystems":true,"showVisualEffectGraphs":true,"m_FxEnabled":true},"in2DMode":false,"pivot":{"x":34.68330764770508,"y":6.361772537231445,"z":54.31341552734375},"rotation":{"x":0.08557557314634323,"y":0.17214785516262055,"z":-0.015025059692561627,"w":0.9811785221099854},"size":63.84834671020508,"orthographic":false}