{"cameraMode":{"drawMode":0,"name":"Shaded","section":"Shading Mode"},"sceneLighting":true,"audioPlay":false,"sceneViewState":{"m_AlwaysRefresh":false,"showFog":true,"showSkybox":true,"showFlares":true,"showImageEffects":true,"showParticleSystems":true,"showVisualEffectGraphs":true,"m_FxEnabled":true},"in2DMode":false,"pivot":{"x":-2.9385502338409426,"y":-11.596846580505371,"z":111.17802429199219},"rotation":{"x":-0.09583676606416702,"y":0.01317076850682497,"z":-0.001204223372042179,"w":-0.9952231049537659},"size":63.409053802490237,"orthographic":false}